,Date,Price,Open,High,Low,Vol.,Change %
0,09/29/2023,315.75,317.75,319.47,314.98,24.15,0.67%
1,09/28/2023,313.64,310.99,315.48,309.45,19.3,0.27%
2,09/27/2023,312.79,312.3,314.3,309.69,19.31,0.21%
3,09/26/2023,312.14,315.13,315.88,310.02,26.06,-1.70%
4,09/25/2023,317.54,316.59,317.67,315.0,16.54,0.17%
5,09/22/2023,317.01,321.32,321.45,316.15,21.45,-0.79%
6,09/21/2023,319.53,319.26,325.35,315.0,34.45,-0.39%
7,09/20/2023,320.77,329.51,329.59,320.51,20.16,-2.40%
8,09/19/2023,328.65,326.17,329.39,324.51,16.49,-0.12%
9,09/18/2023,329.06,327.8,330.4,326.36,16.63,-0.35%
10,09/15/2023,330.22,336.92,337.4,329.65,37.68,-2.50%
11,09/14/2023,338.7,339.15,340.86,336.57,20.17,0.79%
12,09/13/2023,336.06,331.31,336.85,331.17,16.47,1.29%
13,09/12/2023,331.77,335.82,336.79,331.48,17.16,-1.83%
14,09/11/2023,337.94,337.24,338.42,335.43,15.86,1.10%
15,09/08/2023,334.27,330.09,336.16,329.46,19.55,1.32%
16,09/07/2023,329.91,331.29,333.08,329.03,17.81,-0.89%
17,09/06/2023,332.88,333.38,334.46,330.18,17.35,-0.20%
18,09/05/2023,333.55,329.0,334.85,328.66,18.09,1.49%
19,09/01/2023,328.66,331.31,331.99,326.78,14.94,0.27%
20,08/31/2023,327.76,329.2,330.91,326.78,26.26,-0.31%
21,08/30/2023,328.79,328.67,329.81,326.45,15.0,0.12%
22,08/29/2023,328.41,321.88,328.98,321.88,19.07,1.46%
24,08/25/2023,322.98,321.47,325.36,318.8,21.68,0.94%
25,08/24/2023,319.97,332.85,332.98,319.96,21.48,-2.15%
26,08/23/2023,327.0,323.82,329.2,323.46,19.45,1.41%
27,08/22/2023,322.46,325.5,326.08,321.46,16.05,0.18%
28,08/21/2023,321.88,317.93,322.77,317.04,21.79,1.71%
29,08/18/2023,316.48,314.49,318.38,311.55,24.76,-0.13%
30,08/17/2023,316.88,320.54,321.87,316.21,20.22,-1.10%
31,08/16/2023,320.4,320.8,324.42,319.8,19.55,-0.45%
32,08/15/2023,321.86,323.0,325.09,320.9,16.8,-0.67%
33,08/14/2023,324.04,321.39,324.06,320.08,18.84,0.94%
34,08/11/2023,321.01,320.26,322.41,319.21,24.36,-0.59%
35,08/10/2023,322.93,326.02,328.26,321.18,20.0,0.22%
36,08/09/2023,322.23,326.47,327.11,321.05,19.12,-1.17%
37,08/08/2023,326.05,326.96,328.75,323.0,22.19,-1.23%
38,08/07/2023,330.11,328.37,331.11,327.52,17.74,0.71%
39,08/04/2023,327.78,331.88,335.14,327.24,23.74,0.34%
40,08/03/2023,326.66,326.0,329.88,325.95,17.96,-0.26%
41,08/02/2023,327.5,333.63,333.63,326.36,27.43,-2.63%
42,08/01/2023,336.34,335.19,338.54,333.7,18.15,0.13%
43,07/31/2023,335.92,336.92,337.7,333.36,25.34,-0.72%
44,07/28/2023,338.37,333.67,340.01,333.17,28.48,2.31%
45,07/27/2023,330.72,340.48,341.33,329.05,39.64,-2.09%
46,07/26/2023,337.77,341.44,344.67,333.11,58.38,-3.76%
47,07/25/2023,350.98,347.11,351.89,345.07,41.64,1.70%
48,07/24/2023,345.11,345.85,346.92,342.31,25.66,0.39%
49,07/21/2023,343.77,349.15,350.3,339.83,69.41,-0.89%
50,07/20/2023,346.87,353.57,357.97,345.37,33.78,-2.31%
51,07/19/2023,355.08,361.75,362.46,352.43,39.73,-1.23%
52,07/18/2023,359.49,345.83,366.78,342.17,64.52,3.98%
53,07/17/2023,345.73,345.68,346.99,342.2,20.03,0.14%
54,07/14/2023,345.24,347.59,351.43,344.31,28.35,0.75%
55,07/13/2023,342.66,339.56,343.74,339.02,20.57,1.62%
56,07/12/2023,337.2,336.6,341.65,335.67,29.35,1.42%
57,07/11/2023,332.47,331.06,332.86,327.0,26.38,0.19%
58,07/10/2023,331.83,334.6,335.23,327.59,32.73,-1.60%
59,07/07/2023,337.22,339.32,341.79,337.0,21.21,-1.19%
60,07/06/2023,341.27,337.3,342.99,335.5,28.02,0.92%
61,07/05/2023,338.15,335.09,341.65,334.73,18.07,0.05%
63,06/30/2023,340.54,337.75,342.73,337.2,26.83,1.64%
64,06/29/2023,335.05,334.71,336.11,332.62,16.86,-0.24%
65,06/28/2023,335.85,334.66,337.98,333.81,19.52,0.38%
66,06/27/2023,334.57,331.86,336.15,329.3,23.68,1.82%
67,06/26/2023,328.6,333.72,336.11,328.49,21.25,-1.92%
68,06/23/2023,335.02,334.36,337.96,333.45,23.15,-1.38%
69,06/22/2023,339.71,334.12,340.12,333.34,23.03,1.84%
70,06/21/2023,333.56,336.37,337.73,332.07,24.87,-1.33%
71,06/20/2023,338.05,339.31,342.08,335.86,26.01,-1.25%
72,06/16/2023,342.33,351.32,351.47,341.95,46.55,-1.66%
73,06/15/2023,348.1,337.48,349.84,337.2,38.61,3.19%
74,06/14/2023,337.34,334.34,339.04,332.81,25.83,0.91%
75,06/13/2023,334.29,334.46,336.98,330.39,22.66,0.74%
76,06/12/2023,331.85,328.58,332.1,325.16,24.18,1.55%
77,06/09/2023,326.79,324.99,329.99,324.41,22.53,0.47%
78,06/08/2023,325.26,323.93,326.64,323.35,23.28,0.58%
79,06/07/2023,323.38,331.65,334.49,322.5,40.72,-3.09%
80,06/06/2023,333.68,335.33,335.37,332.17,20.21,-0.67%
81,06/05/2023,335.94,335.22,338.56,334.66,21.11,0.16%
82,06/02/2023,335.4,334.25,337.5,332.55,25.87,0.85%
83,06/01/2023,332.58,325.93,333.53,324.72,25.8,1.28%
84,05/31/2023,328.39,332.29,335.94,327.33,45.55,-0.85%
85,05/30/2023,331.21,335.23,335.74,330.52,29.41,-0.50%
86,05/26/2023,332.89,324.02,333.4,323.88,36.63,2.14%
87,05/25/2023,325.92,323.24,326.9,320.0,41.89,3.85%
88,05/24/2023,313.85,314.73,316.5,312.61,22.01,-0.45%
89,05/23/2023,315.26,320.03,322.72,315.25,29.93,-1.84%
90,05/22/2023,321.18,318.6,322.59,318.01,23.05,0.89%
91,05/19/2023,318.34,316.74,318.75,316.37,25.73,-0.06%
92,05/18/2023,318.52,314.53,319.04,313.72,26.37,1.44%
93,05/17/2023,314.0,312.29,314.43,310.74,24.32,0.72%
94,05/16/2023,311.74,309.83,313.71,309.83,26.73,0.74%
95,05/15/2023,309.46,309.1,309.9,307.59,16.29,0.16%
96,05/12/2023,308.97,310.55,310.65,306.6,19.77,-0.37%
97,05/11/2023,310.11,310.1,311.12,306.26,31.68,-0.70%
98,05/10/2023,312.31,308.62,313.0,307.67,30.08,1.73%
99,05/09/2023,307.0,308.0,310.04,306.31,21.34,-0.53%
100,05/08/2023,308.65,310.13,310.2,306.09,21.32,-0.64%
101,05/05/2023,310.65,305.72,311.97,304.27,28.2,1.72%
102,05/04/2023,305.41,306.24,307.76,303.4,22.2,0.33%
103,05/03/2023,304.4,306.62,308.61,304.09,22.16,-0.33%
104,05/02/2023,305.41,307.76,309.18,303.91,26.4,-0.05%
105,05/01/2023,305.56,306.97,308.6,305.15,21.25,-0.55%
106,04/28/2023,307.26,304.01,308.93,303.31,36.47,0.80%
107,04/27/2023,304.83,295.97,305.2,295.25,46.21,3.20%
108,04/26/2023,295.37,296.7,299.57,292.73,64.48,7.24%
109,04/25/2023,275.42,279.51,281.6,275.37,40.23,-2.25%
110,04/24/2023,281.77,282.09,284.95,278.72,26.51,-1.40%
111,04/21/2023,285.76,285.01,286.27,283.06,21.68,-0.12%
112,04/20/2023,286.11,285.25,289.03,285.08,23.24,-0.81%
113,04/19/2023,288.45,285.99,289.05,284.54,17.08,0.03%
114,04/18/2023,288.37,291.57,291.76,287.01,20.1,-0.15%
115,04/17/2023,288.8,289.93,291.6,286.16,23.84,0.93%
116,04/14/2023,286.14,287.0,288.48,283.69,20.99,-1.28%
117,04/13/2023,289.84,283.59,289.9,283.17,24.12,2.24%
118,04/12/2023,283.49,284.79,287.01,281.96,27.4,0.23%
119,04/11/2023,282.83,285.75,285.98,281.64,27.2,-2.27%
120,04/10/2023,289.39,289.21,289.6,284.71,23.03,-0.76%
121,04/06/2023,291.6,283.21,292.08,282.03,29.77,2.55%
122,04/05/2023,284.34,285.85,287.15,282.92,22.0,-0.99%
123,04/04/2023,287.18,287.23,290.45,285.67,25.78,-0.02%
124,04/03/2023,287.23,286.52,288.27,283.95,24.84,-0.37%
125,03/31/2023,288.3,283.73,289.27,283.0,32.7,1.50%
126,03/30/2023,284.05,284.23,284.46,281.48,24.99,1.26%
127,03/29/2023,280.51,278.96,281.14,278.41,25.09,1.92%
128,03/28/2023,275.23,275.79,276.14,272.05,21.84,-0.42%
129,03/27/2023,276.38,280.5,281.46,275.52,26.76,-1.49%
130,03/24/2023,280.57,277.24,280.63,275.28,28.2,1.05%
131,03/23/2023,277.66,277.94,281.06,275.2,36.38,1.97%
132,03/22/2023,272.29,273.4,281.04,272.18,34.73,-0.54%
133,03/21/2023,273.78,274.88,275.0,269.52,33.99,0.57%
134,03/20/2023,272.23,276.98,277.48,269.85,42.78,-2.58%
135,03/17/2023,279.43,278.26,283.33,276.32,69.53,1.17%
136,03/16/2023,276.2,265.2,276.56,263.28,53.64,4.05%
137,03/15/2023,265.44,259.98,266.48,259.21,45.77,1.78%
138,03/14/2023,260.79,256.75,261.07,255.86,33.34,2.71%
139,03/13/2023,253.92,247.4,257.91,245.73,33.34,2.14%
140,03/10/2023,248.59,251.08,252.79,247.6,28.33,-1.48%
141,03/09/2023,252.32,255.82,259.56,251.58,26.48,-0.54%
142,03/08/2023,253.7,254.04,254.54,250.81,17.34,-0.18%
143,03/07/2023,254.15,256.3,257.69,253.39,21.47,-1.06%
144,03/06/2023,256.87,256.42,260.12,255.98,24.11,0.62%
145,03/03/2023,255.29,252.19,255.62,251.39,29.28,1.66%
146,03/02/2023,251.11,246.55,251.4,245.61,24.75,1.97%
147,03/01/2023,246.27,250.76,250.93,245.79,26.53,-1.26%
148,02/28/2023,249.42,249.07,251.49,248.73,22.49,-0.30%
149,02/27/2023,250.16,252.46,252.82,249.39,21.19,0.38%
150,02/24/2023,249.22,249.96,251.0,248.1,24.99,-2.18%
151,02/23/2023,254.77,255.56,256.84,250.48,29.22,1.30%
152,02/22/2023,251.51,254.09,254.34,250.34,22.49,-0.46%
153,02/21/2023,252.67,254.48,255.49,251.59,28.4,-2.09%
154,02/17/2023,258.06,259.39,260.09,256.0,30.0,-1.56%
155,02/16/2023,262.15,264.02,266.74,261.9,29.19,-2.66%
156,02/15/2023,269.32,268.32,270.73,266.18,28.36,-1.05%
157,02/14/2023,272.17,272.67,274.97,269.28,37.05,0.31%
158,02/13/2023,271.32,267.64,274.6,267.15,44.43,3.12%
159,02/10/2023,263.1,261.53,264.09,260.66,25.82,-0.20%
160,02/09/2023,263.62,273.8,273.98,262.8,39.68,-1.17%
161,02/08/2023,266.73,273.2,276.76,266.21,54.25,-0.31%
162,02/07/2023,267.56,260.53,268.77,260.08,50.45,4.20%
163,02/06/2023,256.77,257.44,258.3,254.78,22.44,-0.61%
164,02/03/2023,258.35,259.54,264.2,257.1,29.08,-2.36%
165,02/02/2023,264.6,258.82,264.69,257.25,39.18,4.69%
166,02/01/2023,252.75,248.0,255.18,245.47,29.93,1.99%
167,01/31/2023,247.81,243.45,247.95,242.95,26.54,2.10%
168,01/30/2023,242.71,244.51,245.6,242.2,25.69,-2.20%
169,01/27/2023,248.16,248.99,249.83,246.83,26.5,0.06%
170,01/26/2023,248.0,243.65,248.31,242.0,33.16,3.07%
171,01/25/2023,240.61,234.48,243.3,230.9,66.36,-0.59%
172,01/24/2023,242.04,242.5,243.95,240.44,34.49,-0.22%
173,01/23/2023,242.58,241.1,245.16,239.65,31.51,0.98%
174,01/20/2023,240.22,234.85,240.74,234.51,35.39,3.57%
175,01/19/2023,231.93,233.78,235.52,230.68,28.38,-1.65%
176,01/18/2023,235.81,241.57,242.38,235.52,30.03,-1.89%
177,01/17/2023,240.35,237.97,240.91,237.09,29.72,0.47%
178,01/13/2023,239.23,237.0,239.37,234.92,21.33,0.30%
179,01/12/2023,238.51,235.26,239.9,233.56,27.17,1.16%
180,01/11/2023,235.77,231.29,235.95,231.11,28.39,3.02%
181,01/10/2023,228.85,227.76,231.31,227.33,26.87,0.76%
182,01/09/2023,227.12,226.45,231.24,226.41,27.04,0.97%
183,01/06/2023,224.93,223.0,225.76,219.35,43.61,1.18%
184,01/05/2023,222.31,227.2,227.55,221.76,39.23,-2.96%
185,01/04/2023,229.1,232.27,232.87,225.96,50.28,-4.37%
186,01/03/2023,239.58,243.08,245.75,237.4,25.68,-0.10%
187,12/30/2022,239.82,238.21,239.96,236.66,21.94,-0.49%
188,12/29/2022,241.01,235.65,241.92,235.65,19.74,2.76%
189,12/28/2022,234.53,236.89,239.72,234.17,17.2,-1.03%
190,12/27/2022,236.96,238.7,238.93,235.83,16.42,-0.74%
191,12/23/2022,238.73,236.11,238.87,233.94,21.21,0.23%
192,12/22/2022,238.19,241.26,241.99,233.87,28.62,-2.55%
193,12/21/2022,244.43,241.69,245.62,240.11,23.67,1.09%
194,12/20/2022,241.8,239.4,242.91,238.42,25.08,0.56%
195,12/19/2022,240.45,244.86,245.21,238.71,29.63,-1.73%
196,12/16/2022,244.69,248.55,249.84,243.51,86.1,-1.73%
197,12/15/2022,249.01,253.72,254.2,247.34,35.49,-3.19%
198,12/14/2022,257.22,257.13,262.59,254.31,35.41,0.12%
199,12/13/2022,256.92,261.69,263.92,253.07,42.12,1.75%
200,12/12/2022,252.51,247.45,252.54,247.17,30.43,2.89%
201,12/09/2022,245.42,244.7,248.31,244.16,20.61,-0.80%
202,12/08/2022,247.4,244.84,248.74,243.06,22.55,1.24%
203,12/07/2022,244.37,244.83,246.16,242.21,20.43,-0.31%
204,12/06/2022,245.12,250.82,251.86,243.78,22.43,-2.03%
205,12/05/2022,250.2,252.01,253.82,248.06,22.56,-1.89%
206,12/02/2022,255.02,249.82,256.06,249.69,21.53,0.13%
207,12/01/2022,254.69,253.87,256.12,250.92,26.04,-0.18%
208,11/30/2022,255.14,240.57,255.33,239.86,47.59,6.16%
209,11/29/2022,240.33,241.4,242.79,238.21,17.96,-0.59%
210,11/28/2022,241.76,246.08,246.65,240.8,24.81,-2.32%
212,11/23/2022,247.58,245.1,248.28,244.27,19.51,1.04%
213,11/22/2022,245.03,243.59,245.31,240.71,19.67,1.23%
214,11/21/2022,242.05,241.43,244.67,241.19,26.39,0.34%
215,11/18/2022,241.22,243.51,243.74,239.03,27.61,-0.19%
216,11/17/2022,241.68,237.78,243.25,237.63,23.12,-0.02%
217,11/16/2022,241.73,242.79,243.8,240.42,24.09,-0.10%
218,11/15/2022,241.97,245.66,247.0,240.03,31.39,0.17%
219,11/14/2022,241.55,241.99,243.91,239.21,31.12,-2.25%
220,11/11/2022,247.11,242.99,247.99,241.93,34.62,1.70%
221,11/10/2022,242.98,235.43,243.33,235.0,46.27,8.23%
222,11/09/2022,224.51,227.37,228.63,224.33,27.85,-1.91%
223,11/08/2022,228.87,228.7,231.65,225.84,28.19,0.44%
224,11/07/2022,227.87,221.99,228.41,221.28,33.5,2.93%
225,11/04/2022,221.39,217.55,221.59,213.43,36.79,3.33%
226,11/03/2022,214.25,220.09,220.41,213.98,36.63,-2.66%
227,11/02/2022,220.1,229.46,231.3,220.04,38.41,-3.54%
228,11/01/2022,228.17,234.6,235.74,227.32,30.59,-1.71%
229,10/31/2022,232.13,233.76,234.92,231.15,28.36,-1.59%
230,10/28/2022,235.87,226.24,236.6,226.05,40.65,4.02%
231,10/27/2022,226.75,231.04,233.69,225.78,40.42,-1.98%
232,10/26/2022,231.32,231.17,238.3,230.06,82.68,-7.72%
233,10/25/2022,250.66,247.26,251.04,245.83,34.78,1.38%
234,10/24/2022,247.25,243.76,247.84,241.29,24.91,2.12%
235,10/21/2022,242.12,234.74,243.0,234.5,26.3,2.53%
236,10/20/2022,236.15,235.77,241.31,234.87,21.81,-0.14%
237,10/19/2022,236.48,237.04,239.61,234.29,19.99,-0.85%
238,10/18/2022,238.5,243.24,243.93,235.37,26.33,0.41%
239,10/17/2022,237.53,235.82,238.96,235.13,28.14,3.92%
240,10/14/2022,228.56,235.54,237.24,228.34,30.2,-2.42%
241,10/13/2022,234.24,219.85,236.1,219.13,42.55,3.76%
242,10/12/2022,225.75,225.4,227.86,223.96,21.9,0.15%
243,10/11/2022,225.41,227.62,229.06,224.11,30.47,-1.68%
244,10/10/2022,229.25,233.05,234.56,226.73,29.74,-2.13%
245,10/07/2022,234.24,240.9,241.32,233.17,37.77,-5.09%
246,10/06/2022,246.79,247.93,250.34,246.08,20.24,-0.97%
247,10/05/2022,249.2,245.99,250.58,244.1,20.35,0.13%
248,10/04/2022,248.88,245.09,250.36,244.98,34.89,3.38%
249,10/03/2022,240.74,235.41,241.61,234.66,28.88,3.37%
250,09/30/2022,232.9,238.29,240.54,232.73,35.69,-1.94%
251,09/29/2022,237.5,238.89,239.95,234.41,27.48,-1.48%
252,09/28/2022,241.07,236.81,242.33,234.73,29.03,1.97%
253,09/27/2022,236.41,239.98,241.8,234.5,27.02,-0.44%
254,09/26/2022,237.45,237.04,241.45,236.9,27.69,-0.20%
255,09/23/2022,237.92,239.54,241.13,235.2,34.18,-1.27%
256,09/22/2022,240.98,237.87,243.86,237.57,31.06,0.85%
257,09/21/2022,238.95,244.27,247.66,238.9,28.63,-1.44%
258,09/20/2022,242.45,242.07,243.51,239.64,26.66,-0.85%
259,09/19/2022,244.52,242.46,245.14,240.85,26.83,-0.09%
260,09/16/2022,244.74,244.26,245.3,242.06,39.79,-0.26%
261,09/15/2022,245.38,249.77,251.4,244.02,31.53,-2.71%
262,09/14/2022,252.22,253.53,254.23,249.86,23.91,0.09%
263,09/13/2022,251.99,258.84,260.4,251.59,33.35,-5.50%
264,09/12/2022,266.65,265.78,267.45,265.16,18.75,0.83%
265,09/09/2022,264.46,260.5,265.23,260.29,22.09,2.30%
266,09/08/2022,258.52,257.51,260.43,254.79,20.32,0.17%
267,09/07/2022,258.09,254.7,258.83,253.22,24.13,1.91%
268,09/06/2022,253.25,256.2,257.83,251.94,21.33,-1.10%
269,09/02/2022,256.06,261.7,264.74,254.47,22.86,-1.67%
270,09/01/2022,260.4,258.87,260.89,255.41,23.26,-0.41%
271,08/31/2022,261.47,265.39,267.11,261.33,24.79,-0.57%
272,08/30/2022,262.97,266.67,267.05,260.66,22.77,-0.85%
273,08/29/2022,265.23,265.85,267.4,263.85,20.34,-1.07%
274,08/26/2022,268.09,279.08,280.34,267.98,27.55,-3.86%
275,08/25/2022,278.85,277.33,279.02,274.52,16.58,1.11%
276,08/24/2022,275.79,275.41,277.23,275.11,18.14,-0.24%
277,08/23/2022,276.44,276.44,278.86,275.4,17.53,-0.47%
278,08/22/2022,277.75,282.08,282.46,277.22,25.06,-2.94%
279,08/19/2022,286.15,288.9,289.25,285.56,20.57,-1.39%
280,08/18/2022,290.17,290.19,291.91,289.08,17.19,-0.39%
281,08/17/2022,291.32,289.74,293.35,289.47,18.25,-0.47%
282,08/16/2022,292.71,291.99,294.04,290.42,18.1,-0.26%
283,08/15/2022,293.47,291.0,294.18,290.11,18.09,0.53%
284,08/12/2022,291.91,288.48,291.91,286.94,22.62,1.70%
285,08/11/2022,287.02,290.85,291.21,286.51,20.07,-0.74%
286,08/10/2022,289.16,288.17,289.81,286.94,24.69,2.43%
287,08/09/2022,282.3,279.64,283.08,277.61,23.41,0.71%
288,08/08/2022,280.32,284.05,285.92,279.32,18.76,-0.92%
289,08/05/2022,282.91,279.15,283.65,278.68,16.77,-0.26%
290,08/04/2022,283.65,281.8,283.8,280.17,18.1,0.42%
291,08/03/2022,282.47,276.76,283.5,276.61,23.52,2.78%
292,08/02/2022,274.82,276.0,277.89,272.38,22.75,-1.15%
293,08/01/2022,278.01,277.82,281.28,275.84,21.54,-0.97%
294,07/29/2022,280.74,277.7,282.0,276.63,32.15,1.57%
295,07/28/2022,276.41,269.75,277.84,267.87,33.46,2.85%
296,07/27/2022,268.74,261.16,270.05,258.85,45.99,6.69%
297,07/26/2022,251.9,259.86,259.88,249.57,39.35,-2.68%
298,07/25/2022,258.83,260.99,261.5,256.81,21.06,-0.59%
299,07/22/2022,260.36,265.24,265.33,259.07,21.88,-1.69%
300,07/21/2022,264.84,259.79,264.89,257.03,22.4,0.98%
301,07/20/2022,262.27,259.9,264.87,258.91,22.79,1.06%
302,07/19/2022,259.53,257.58,259.72,253.68,25.01,2.08%
303,07/18/2022,254.25,259.75,260.84,253.3,20.98,-0.96%
304,07/15/2022,256.72,255.72,260.37,254.77,29.77,1.04%
305,07/14/2022,254.08,250.57,255.14,245.94,25.1,0.54%
306,07/13/2022,252.72,250.19,253.55,248.11,29.5,-0.37%
307,07/12/2022,253.67,265.88,265.94,252.04,35.87,-4.10%
308,07/11/2022,264.51,265.65,266.53,262.18,19.52,-1.18%
309,07/08/2022,267.66,264.79,268.1,263.29,19.66,-0.28%
310,07/07/2022,268.4,265.12,269.05,265.02,20.86,0.82%
311,07/06/2022,266.21,263.75,267.99,262.4,23.82,1.28%
312,07/05/2022,262.85,256.16,262.98,254.74,22.97,1.26%
313,07/01/2022,259.58,256.39,259.77,254.61,22.84,1.07%
314,06/30/2022,256.83,257.05,259.53,252.9,31.73,-1.32%
315,06/29/2022,260.26,257.59,261.97,255.76,20.07,1.47%
316,06/28/2022,256.48,263.98,266.91,256.32,27.38,-3.17%
317,06/27/2022,264.89,268.2,268.3,263.28,24.62,-1.05%
318,06/24/2022,267.7,261.81,267.98,261.72,33.92,3.41%
319,06/23/2022,258.86,255.57,259.37,253.63,25.86,2.26%
320,06/22/2022,253.13,251.89,257.17,250.37,25.96,-0.24%
321,06/21/2022,253.74,250.26,254.75,249.51,29.93,2.46%
322,06/17/2022,247.65,244.7,250.5,244.03,43.08,1.09%
323,06/16/2022,244.97,245.98,247.42,243.02,33.17,-2.70%
324,06/15/2022,251.76,248.31,255.3,246.42,33.11,2.97%
325,06/14/2022,244.49,243.86,245.74,241.51,28.65,0.92%
326,06/13/2022,242.26,245.11,249.02,241.53,46.14,-4.24%
327,06/10/2022,252.99,260.58,260.58,252.53,31.45,-4.46%
328,06/09/2022,264.79,267.78,272.71,264.63,26.44,-2.08%
329,06/08/2022,270.41,271.71,273.0,269.61,17.37,-0.77%
330,06/07/2022,272.5,266.64,273.13,265.94,22.86,1.40%
331,06/06/2022,268.75,272.06,274.18,267.22,22.4,-0.47%
332,06/03/2022,270.02,270.31,273.45,268.41,28.06,-1.66%
333,06/02/2022,274.58,264.45,274.65,261.6,44.01,0.79%
334,06/01/2022,272.42,275.2,277.69,270.04,25.29,0.20%
335,05/31/2022,271.87,272.53,274.77,268.93,37.83,-0.50%
336,05/27/2022,273.24,268.48,273.34,267.56,26.91,2.76%
337,05/26/2022,265.9,262.27,267.11,261.43,25.0,1.29%
338,05/25/2022,262.52,258.14,264.58,257.13,28.55,1.12%
339,05/24/2022,259.62,257.89,261.33,253.5,29.04,-0.40%
340,05/23/2022,260.65,255.49,261.5,253.43,33.18,3.20%
341,05/20/2022,252.56,257.24,258.54,246.44,39.2,-0.23%
342,05/19/2022,253.14,253.9,257.67,251.88,32.69,-0.37%
343,05/18/2022,254.08,263.0,263.6,252.77,31.36,-4.77%
344,05/17/2022,266.82,266.11,268.33,262.46,28.83,2.03%
345,05/16/2022,261.5,259.95,265.82,255.78,32.55,0.15%
346,05/13/2022,261.12,257.35,263.04,255.35,34.93,2.26%
347,05/12/2022,255.35,257.69,259.88,250.02,51.03,-2.00%
348,05/11/2022,260.55,265.68,271.36,259.3,48.98,-3.32%
349,05/10/2022,269.5,271.69,273.75,265.07,39.34,1.86%
350,05/09/2022,264.58,270.06,272.36,263.32,47.73,-3.69%
351,05/06/2022,274.73,274.8,279.25,271.27,37.78,-0.94%
352,05/05/2022,277.35,285.54,286.35,274.34,43.26,-4.36%
353,05/04/2022,289.98,282.59,290.88,276.73,33.6,2.91%
354,05/03/2022,281.78,283.96,284.13,280.15,25.98,-0.95%
355,05/02/2022,284.47,277.71,284.94,276.22,35.15,2.50%
356,04/29/2022,277.52,288.61,289.88,276.5,37.07,-4.18%
357,04/28/2022,289.63,285.18,290.98,281.46,33.65,2.26%
358,04/27/2022,283.22,282.1,290.97,279.16,63.48,4.81%
359,04/26/2022,270.22,277.5,278.36,270.0,46.52,-3.74%
360,04/25/2022,280.72,273.29,281.11,270.77,35.68,2.44%
361,04/22/2022,274.03,281.68,283.2,273.38,29.41,-2.41%
362,04/21/2022,280.81,288.58,293.3,280.06,29.45,-1.94%
363,04/20/2022,286.36,289.4,289.7,285.37,22.91,0.37%
364,04/19/2022,285.3,279.38,286.17,278.41,22.3,1.70%
365,04/18/2022,280.52,278.91,282.46,278.34,20.78,0.25%
366,04/14/2022,279.83,288.09,288.3,279.32,28.22,-2.71%
367,04/13/2022,287.62,282.73,288.58,281.3,21.91,1.97%
368,04/12/2022,282.06,289.23,290.74,280.49,30.97,-1.12%
369,04/11/2022,285.26,291.79,292.61,285.0,34.57,-3.94%
370,04/08/2022,296.97,300.44,301.12,296.28,24.36,-1.46%
371,04/07/2022,301.37,296.66,303.65,296.35,31.41,0.62%
372,04/06/2022,299.5,305.19,307.0,296.71,40.11,-3.66%
373,04/05/2022,310.88,313.27,314.86,309.87,23.16,-1.30%
374,04/04/2022,314.97,310.09,315.11,309.71,24.34,1.79%
375,04/01/2022,309.42,309.37,310.13,305.54,27.11,0.36%
376,03/31/2022,308.31,313.9,315.14,307.89,33.42,-1.77%
377,03/30/2022,313.86,313.76,315.95,311.58,28.16,-0.49%
378,03/29/2022,315.41,313.91,315.82,309.05,30.39,1.52%
379,03/28/2022,310.7,304.33,310.8,304.33,29.58,2.31%
380,03/25/2022,303.68,305.23,305.5,299.29,22.57,-0.14%
381,03/24/2022,304.1,299.14,304.2,298.32,24.48,1.54%
382,03/23/2022,299.49,300.51,303.23,297.72,25.72,-1.50%
383,03/22/2022,304.06,299.8,305.0,298.77,27.6,1.64%
384,03/21/2022,299.16,298.89,300.14,294.9,28.35,-0.42%
385,03/18/2022,300.43,295.37,301.0,292.73,43.39,1.76%
386,03/17/2022,295.22,293.29,295.61,289.37,30.82,0.28%
387,03/16/2022,294.39,289.11,294.57,283.2,37.83,2.52%
388,03/15/2022,287.15,280.35,287.82,278.73,34.25,3.87%
389,03/14/2022,276.44,280.34,285.4,275.82,30.66,-1.30%
390,03/11/2022,280.07,287.96,289.51,279.43,27.21,-1.93%
391,03/10/2022,285.59,283.02,286.6,280.58,30.63,-1.01%
392,03/09/2022,288.5,283.44,289.6,280.78,35.2,4.59%
393,03/08/2022,275.85,277.8,283.96,270.0,48.16,-1.10%
394,03/07/2022,278.91,288.53,289.69,278.53,43.16,-3.78%
395,03/04/2022,289.86,294.29,295.66,287.17,32.37,-2.05%
396,03/03/2022,295.92,302.89,303.13,294.05,27.31,-1.42%
397,03/02/2022,300.19,295.36,301.47,293.7,31.87,1.78%
398,03/01/2022,294.95,296.4,299.97,292.15,31.22,-1.29%
399,02/28/2022,298.79,294.31,299.14,293.0,34.63,0.50%
400,02/25/2022,297.31,295.14,297.63,291.65,32.55,0.92%
401,02/24/2022,294.59,272.51,295.16,271.52,56.99,5.11%
402,02/23/2022,280.27,290.18,291.7,280.1,37.81,-2.59%
403,02/22/2022,287.72,285.0,291.54,284.5,41.74,-0.07%
404,02/18/2022,287.93,293.05,293.86,286.3,34.26,-0.96%
405,02/17/2022,290.73,296.36,296.8,290.0,32.46,-2.93%
406,02/16/2022,299.5,298.36,300.87,293.68,29.98,-0.32%
407,02/15/2022,300.47,300.01,300.8,297.02,27.38,1.85%
408,02/14/2022,295.0,293.77,296.76,291.35,36.36,-0.01%
409,02/11/2022,295.04,303.19,304.29,294.22,39.18,-2.43%
410,02/10/2022,302.38,304.04,309.12,300.7,45.39,-2.84%
411,02/09/2022,311.21,309.86,311.93,307.39,31.28,2.18%
412,02/08/2022,304.56,301.25,305.56,299.95,32.42,1.20%
413,02/07/2022,300.95,306.17,307.84,299.9,28.53,-1.63%
414,02/04/2022,305.94,300.21,308.8,299.97,35.1,1.56%
415,02/03/2022,301.25,309.49,311.23,299.96,43.73,-3.90%
416,02/02/2022,313.46,309.63,315.12,308.88,36.64,1.52%
417,02/01/2022,308.76,310.41,310.63,305.13,40.95,-0.71%
418,01/31/2022,310.98,308.95,312.38,306.37,46.44,0.88%
419,01/28/2022,308.26,300.23,308.48,294.45,49.74,2.81%
420,01/27/2022,299.84,302.66,307.3,297.93,53.48,1.05%
421,01/26/2022,296.71,307.98,308.5,293.03,90.43,2.85%
422,01/25/2022,288.49,291.52,294.99,285.17,72.85,-2.66%
423,01/24/2022,296.37,292.2,297.11,276.05,86.04,0.11%
424,01/21/2022,296.03,302.68,304.11,295.61,57.98,-1.85%
425,01/20/2022,301.6,309.07,311.65,301.14,35.38,-0.57%
426,01/19/2022,303.33,306.29,313.91,302.7,45.93,0.22%
427,01/18/2022,302.65,304.07,309.8,301.74,42.43,-2.43%
428,01/14/2022,310.2,304.25,310.82,303.75,39.85,1.77%
429,01/13/2022,304.8,320.47,320.88,304.0,45.37,-4.23%
430,01/12/2022,318.27,319.67,323.41,317.08,34.37,1.04%
431,01/11/2022,314.98,313.38,316.61,309.89,29.39,0.23%
432,01/10/2022,314.27,309.48,314.72,304.69,44.29,0.07%
433,01/07/2022,314.04,314.15,316.5,310.09,32.72,0.05%
434,01/06/2022,313.88,313.15,318.7,311.49,39.65,-0.79%
435,01/05/2022,316.38,325.86,326.07,315.98,40.05,-3.84%
436,01/04/2022,329.01,334.83,335.2,326.12,32.67,-1.71%
437,01/03/2022,334.75,335.35,338.0,329.78,28.92,-0.47%
438,12/31/2021,336.32,338.51,339.36,335.85,18.0,-0.88%
439,12/30/2021,339.32,341.91,343.13,338.82,15.99,-0.77%
440,12/29/2021,341.95,341.3,344.3,339.68,15.04,0.21%
441,12/28/2021,341.25,343.15,343.81,340.32,15.66,-0.35%
442,12/27/2021,342.45,335.46,342.48,335.43,19.95,2.32%
443,12/23/2021,334.69,332.75,336.39,332.73,19.62,0.45%
444,12/22/2021,333.2,328.3,333.61,325.75,24.83,1.81%
445,12/21/2021,327.29,323.29,327.73,319.8,24.74,2.31%
446,12/20/2021,319.91,320.05,322.8,317.57,28.33,-1.20%
447,12/17/2021,323.8,320.88,324.92,317.25,47.98,-0.34%
448,12/16/2021,324.9,335.71,336.76,323.02,35.03,-2.91%
449,12/15/2021,334.65,328.61,335.19,324.5,35.38,1.92%
450,12/14/2021,328.34,333.22,334.64,324.11,44.44,-3.26%
451,12/13/2021,339.4,340.68,343.79,339.08,28.9,-0.92%
452,12/10/2021,342.54,334.98,343.0,334.79,38.1,2.83%
453,12/09/2021,333.1,334.41,336.49,332.12,22.21,-0.56%
454,12/08/2021,334.97,335.31,335.5,330.8,24.76,0.01%
455,12/07/2021,334.92,331.64,335.8,330.1,31.02,2.68%
456,12/06/2021,326.19,323.95,327.45,319.23,30.03,0.98%
457,12/03/2021,323.01,331.99,332.7,318.03,41.78,-1.97%
458,12/02/2021,329.49,330.3,333.49,327.8,30.77,-0.18%
459,12/01/2021,330.08,335.13,339.28,329.39,33.4,-0.15%
460,11/30/2021,330.59,335.32,337.78,328.99,42.89,-1.79%
461,11/29/2021,336.63,334.94,339.03,334.74,28.56,2.11%
462,11/26/2021,329.68,334.35,337.93,328.12,24.22,-2.44%
463,11/24/2021,337.91,336.28,338.16,333.91,21.66,0.07%
464,11/23/2021,337.68,337.05,339.45,333.56,30.43,-0.63%
465,11/22/2021,339.83,344.62,349.67,339.55,31.03,-0.96%
466,11/19/2021,343.11,342.64,345.1,342.2,21.96,0.54%
467,11/18/2021,341.27,338.18,342.45,337.12,22.46,0.63%
468,11/17/2021,339.12,338.94,342.19,338.0,19.05,-0.11%
469,11/16/2021,339.51,335.68,340.67,335.51,20.89,1.02%
470,11/15/2021,336.07,337.54,337.88,334.03,16.72,-0.19%
471,11/12/2021,336.72,333.92,337.23,333.79,23.83,1.29%
472,11/11/2021,332.43,331.25,333.77,330.51,16.85,0.49%
473,11/10/2021,330.8,334.57,334.63,329.92,25.5,-1.53%
474,11/09/2021,335.95,337.11,338.72,334.53,21.31,-0.31%
475,11/08/2021,336.99,337.3,337.65,334.44,20.9,0.28%
476,11/05/2021,336.06,338.51,338.79,334.42,22.57,-0.11%
477,11/04/2021,336.44,332.89,336.54,329.51,23.99,0.73%
478,11/03/2021,334.0,333.9,334.9,330.65,21.5,0.26%
479,11/02/2021,333.13,330.31,333.45,330.0,26.49,1.14%
480,11/01/2021,329.37,331.36,331.49,326.37,27.07,-0.68%
481,10/29/2021,331.62,324.13,332.0,323.9,34.77,2.24%
482,10/28/2021,324.35,324.33,324.87,321.36,26.3,0.37%
483,10/27/2021,323.17,316.0,326.1,316.0,52.59,4.21%
484,10/26/2021,310.11,311.0,312.39,308.6,28.11,0.64%
485,10/25/2021,308.13,309.36,309.4,306.46,17.55,-0.33%
486,10/22/2021,309.16,310.4,311.09,307.8,17.45,-0.51%
487,10/21/2021,310.76,307.17,311.02,306.36,16.92,1.09%
488,10/20/2021,307.41,309.21,309.7,306.11,16.54,-0.27%
489,10/19/2021,308.23,308.35,309.3,307.22,17.68,0.31%
490,10/18/2021,307.29,303.57,308.21,302.69,22.73,1.01%
491,10/15/2021,304.21,302.34,304.45,300.52,25.38,0.48%
492,10/14/2021,302.75,299.21,303.27,297.83,27.26,2.17%
493,10/13/2021,296.31,294.91,297.28,293.49,23.42,1.17%
494,10/12/2021,292.88,295.34,295.44,292.35,17.97,-0.46%
495,10/11/2021,294.23,292.92,297.97,292.74,19.3,-0.21%
496,10/08/2021,294.85,296.22,296.64,293.76,17.69,0.00%
497,10/07/2021,294.85,295.17,296.64,293.92,20.43,0.59%
498,10/06/2021,293.11,285.78,293.63,285.51,28.0,1.51%
499,10/05/2021,288.76,284.05,290.4,284.05,24.99,2.00%
500,10/04/2021,283.11,287.4,287.75,280.25,31.35,-2.07%
501,10/01/2021,289.1,282.12,289.98,281.29,30.09,2.55%
502,09/30/2021,281.92,285.71,287.83,281.62,32.34,-0.73%
503,09/29/2021,284.0,285.1,286.77,283.01,26.35,0.17%
504,09/28/2021,283.52,289.8,290.78,282.75,43.19,-3.62%
505,09/27/2021,294.17,296.14,296.47,292.94,23.57,-1.73%
506,09/24/2021,299.35,298.23,299.8,296.93,15.0,-0.07%
507,09/23/2021,299.56,298.85,300.9,297.53,18.6,0.33%
508,09/22/2021,298.58,296.73,300.22,294.51,26.63,1.28%
509,09/21/2021,294.8,295.69,297.54,294.07,22.36,0.17%
510,09/20/2021,294.3,296.33,298.72,289.52,38.28,-1.86%
511,09/17/2021,299.87,304.17,304.5,299.53,41.37,-1.75%
512,09/16/2021,305.22,303.76,305.31,300.76,19.55,0.13%
513,09/15/2021,304.82,303.26,305.32,301.82,28.36,1.68%
514,09/14/2021,299.79,299.56,301.39,298.1,21.85,0.94%
515,09/13/2021,296.99,297.55,298.54,294.08,23.65,0.43%
516,09/10/2021,295.71,298.42,299.92,295.38,19.63,-0.52%
517,09/09/2021,297.25,300.82,302.14,297.0,19.93,-0.99%
518,09/08/2021,300.21,299.78,300.61,297.47,15.05,0.01%
519,09/07/2021,300.18,301.01,301.09,298.2,17.18,-0.32%
521,09/02/2021,301.15,302.2,303.36,300.18,16.29,-0.23%
522,09/01/2021,301.83,302.86,305.19,301.49,18.98,-0.02%
523,08/31/2021,301.88,304.42,304.5,301.5,26.29,-0.56%
524,08/30/2021,303.59,301.11,304.22,301.06,16.35,1.29%
525,08/27/2021,299.72,298.99,300.87,296.83,22.61,0.21%
526,08/26/2021,299.09,300.99,302.43,298.95,17.67,-0.97%
527,08/25/2021,302.01,304.3,304.59,300.42,20.01,-0.20%
528,08/24/2021,302.62,305.02,305.65,302.0,18.18,-0.67%
529,08/23/2021,304.65,303.24,305.4,301.85,22.83,0.10%
530,08/20/2021,304.36,299.72,305.84,298.06,40.82,2.56%
531,08/19/2021,296.77,288.69,297.47,288.64,29.85,2.08%
532,08/18/2021,290.73,292.04,294.82,290.27,21.81,-0.80%
533,08/17/2021,293.08,292.39,293.43,291.08,20.08,-0.52%
534,08/16/2021,294.6,293.19,294.82,290.02,22.52,0.60%
535,08/13/2021,292.85,289.48,292.9,289.3,18.25,1.05%
538,08/10/2021,286.44,288.8,289.25,285.2,18.62,-0.66%
539,08/09/2021,288.33,289.75,291.55,287.81,16.12,-0.39%
540,08/06/2021,289.46,288.51,289.5,287.62,16.59,-0.02%
542,08/04/2021,286.51,286.22,287.59,284.65,16.19,-0.21%
543,08/03/2021,287.12,285.42,287.23,284.0,17.88,0.81%
544,08/02/2021,284.82,286.36,286.77,283.74,16.27,-0.03%
545,07/30/2021,284.91,285.17,286.66,283.91,20.94,-0.55%
546,07/29/2021,286.5,286.23,288.62,286.08,18.17,0.10%
547,07/28/2021,286.22,288.99,290.15,283.83,33.57,-0.11%
548,07/27/2021,286.54,289.43,289.58,282.95,33.6,-0.87%
549,07/26/2021,289.05,289.0,289.69,286.64,23.18,-0.21%
550,07/23/2021,289.67,287.37,289.99,286.5,22.77,1.23%
551,07/22/2021,286.14,283.84,286.42,283.42,23.38,1.68%
552,07/21/2021,281.4,278.9,281.52,277.29,24.36,0.74%
553,07/20/2021,279.32,278.03,280.97,276.26,26.26,0.83%
554,07/19/2021,277.01,278.93,280.37,274.45,32.94,-1.33%
555,07/16/2021,280.75,282.07,284.1,279.46,26.19,-0.10%
556,07/15/2021,281.03,282.0,282.51,279.83,22.6,-0.52%
557,07/14/2021,282.51,282.35,283.66,280.55,23.11,0.54%
558,07/13/2021,280.98,277.52,282.85,277.39,26.12,1.32%
559,07/12/2021,277.32,279.16,279.77,276.58,18.93,-0.22%
560,07/09/2021,277.94,275.72,278.05,275.32,23.92,0.19%
561,07/08/2021,277.42,276.9,278.73,274.87,24.62,-0.90%
562,07/07/2021,279.93,279.4,280.69,277.15,23.26,0.82%
563,07/06/2021,277.66,278.03,279.37,274.3,31.57,0.00%
564,07/02/2021,277.65,272.82,278.0,272.5,26.47,2.23%
565,07/01/2021,271.6,269.61,271.84,269.6,16.73,0.26%
566,06/30/2021,270.9,270.69,271.36,269.6,21.66,-0.18%
567,06/29/2021,271.4,268.86,271.65,267.98,19.94,1.00%
568,06/28/2021,268.72,266.18,268.9,265.91,19.59,1.40%
569,06/25/2021,265.02,266.23,267.25,264.76,25.61,-0.63%
570,06/24/2021,266.69,266.16,267.85,265.47,21.45,0.53%
571,06/23/2021,265.27,265.99,266.83,264.43,19.52,-0.09%
572,06/22/2021,265.51,262.72,265.79,262.4,24.69,1.10%
573,06/21/2021,262.63,259.82,263.52,257.92,26.7,1.23%
574,06/18/2021,259.43,259.63,262.3,258.75,37.2,-0.56%
575,06/17/2021,260.9,256.07,261.75,256.01,27.57,1.37%
576,06/16/2021,257.38,259.4,260.58,254.42,27.22,-0.38%
577,06/15/2021,258.36,259.77,259.99,257.68,18.04,-0.59%
578,06/14/2021,259.89,257.9,259.95,256.8,19.15,0.78%
579,06/11/2021,257.89,257.98,258.49,256.61,19.0,0.25%
580,06/10/2021,257.24,254.29,257.46,253.67,24.56,1.44%
581,06/09/2021,253.59,253.81,255.53,253.21,17.94,0.40%
582,06/08/2021,252.57,255.16,256.01,252.51,22.45,-0.49%
583,06/07/2021,253.81,249.98,254.09,249.81,23.08,1.20%
584,06/04/2021,250.79,247.76,251.65,247.51,25.28,2.07%
585,06/03/2021,245.71,245.22,246.34,243.0,25.31,-0.64%
586,06/02/2021,247.3,248.13,249.27,245.84,19.41,-0.04%
587,06/01/2021,247.4,251.23,251.29,246.96,23.21,-0.91%
588,05/28/2021,249.68,250.99,252.08,249.56,18.27,0.15%
589,05/27/2021,249.31,251.17,251.48,249.25,24.43,-0.87%
590,05/26/2021,251.49,251.43,252.94,250.75,17.77,-0.09%
591,05/25/2021,251.72,251.77,252.75,250.82,17.7,0.37%
592,05/24/2021,250.78,247.79,251.16,247.51,21.41,2.29%
593,05/21/2021,245.17,247.57,248.33,244.74,21.86,-0.53%
594,05/20/2021,246.48,243.96,247.95,243.86,21.8,1.38%
595,05/19/2021,243.12,239.31,243.23,238.6,25.74,0.02%
596,05/18/2021,243.08,246.27,246.41,242.9,20.17,-0.86%
597,05/17/2021,245.18,246.55,246.59,243.52,24.97,-1.20%
598,05/14/2021,248.15,245.57,249.18,245.49,23.9,2.11%
599,05/13/2021,243.03,241.8,245.6,241.42,29.62,1.69%
600,05/12/2021,239.0,242.16,244.38,238.07,36.68,-2.94%
601,05/11/2021,246.23,244.55,246.6,242.57,33.64,-0.38%
602,05/10/2021,247.18,250.87,251.73,247.12,29.3,-2.09%
603,05/07/2021,252.46,252.15,254.3,251.17,27.03,1.09%
604,05/06/2021,249.73,246.45,249.86,244.69,26.49,1.32%
605,05/05/2021,246.47,249.06,249.5,245.82,21.9,-0.53%
606,05/04/2021,247.79,250.97,251.21,245.76,32.76,-1.62%
607,05/03/2021,251.86,253.4,254.35,251.12,19.63,-0.13%
608,04/30/2021,252.18,249.74,253.08,249.6,30.95,-0.13%
609,04/29/2021,252.51,255.46,256.1,249.0,40.59,-0.81%
610,04/28/2021,254.56,256.08,256.54,252.95,46.9,-2.83%
611,04/27/2021,261.97,261.58,263.19,260.12,31.01,0.16%
612,04/26/2021,261.55,261.66,262.43,260.17,19.76,0.15%
613,04/23/2021,261.15,257.88,261.51,257.27,21.5,1.55%
614,04/22/2021,257.17,260.21,261.78,255.64,25.61,-1.31%
615,04/21/2021,260.58,258.94,260.68,257.25,24.03,0.90%
616,04/20/2021,258.26,257.82,260.2,256.84,19.72,-0.19%
617,04/19/2021,258.74,260.19,261.48,257.82,23.21,-0.77%
618,04/16/2021,260.74,259.47,261.0,257.6,24.88,0.48%
619,04/15/2021,259.5,257.93,259.93,257.73,25.63,1.53%
620,04/14/2021,255.59,257.48,258.83,255.16,23.07,-1.12%
621,04/13/2021,258.49,257.26,259.19,256.83,23.84,1.01%
622,04/12/2021,255.91,254.71,257.67,254.62,27.15,0.02%
623,04/09/2021,255.85,252.87,255.99,252.44,24.33,1.03%
624,04/08/2021,253.25,252.77,254.14,252.0,23.63,1.34%
625,04/07/2021,249.9,247.81,250.93,247.19,22.72,0.82%
626,04/06/2021,247.86,247.61,249.4,246.88,22.93,-0.49%
627,04/05/2021,249.07,242.76,249.96,242.7,36.91,2.77%
628,04/01/2021,242.35,238.47,242.84,238.05,30.34,2.79%
629,03/31/2021,235.77,232.91,239.1,232.39,43.62,1.69%
630,03/30/2021,231.85,233.52,233.85,231.1,24.79,-1.44%
631,03/29/2021,235.24,236.59,236.8,231.88,25.23,-0.52%
632,03/26/2021,236.48,231.55,236.71,231.55,25.48,1.78%
633,03/25/2021,232.34,235.3,236.94,231.57,34.06,-1.33%
634,03/24/2021,235.46,237.85,238.0,235.32,25.62,-0.89%
635,03/23/2021,237.58,237.49,241.05,237.07,31.64,0.67%
636,03/22/2021,235.99,230.27,236.9,230.14,30.13,2.45%
637,03/19/2021,230.35,231.02,232.47,229.35,46.43,-0.16%
638,03/18/2021,230.72,232.56,234.19,230.33,34.85,-2.67%
639,03/17/2021,237.04,236.15,238.55,233.23,29.56,-0.28%
640,03/16/2021,237.71,236.28,240.05,235.94,28.09,1.24%
641,03/15/2021,234.81,234.96,235.18,231.81,26.04,-0.40%
642,03/12/2021,235.75,234.01,235.82,233.23,22.65,-0.58%
643,03/11/2021,237.13,234.96,239.17,234.31,29.91,2.03%
644,03/10/2021,232.42,237.0,237.0,232.04,29.75,-0.58%
645,03/09/2021,233.78,232.88,235.38,231.67,33.08,2.81%
646,03/08/2021,227.39,231.37,233.37,227.13,35.27,-1.82%
647,03/05/2021,231.6,229.52,233.27,226.46,41.87,2.15%
648,03/04/2021,226.73,226.74,232.49,224.26,44.73,-0.36%
649,03/03/2021,227.56,232.15,233.58,227.26,34.03,-2.70%
650,03/02/2021,233.87,237.01,237.3,233.45,22.81,-1.30%
651,03/01/2021,236.94,235.9,237.47,233.15,25.33,1.96%
652,02/26/2021,232.38,231.52,235.37,229.54,37.82,1.48%
653,02/25/2021,228.99,232.08,234.59,227.88,39.54,-2.37%
654,02/24/2021,234.55,230.01,235.2,229.0,26.34,0.55%
655,02/23/2021,233.27,230.32,234.83,228.73,30.23,-0.53%
656,02/22/2021,234.51,237.42,237.93,232.4,36.45,-2.68%
657,02/19/2021,240.97,243.75,243.86,240.18,25.26,-1.16%
658,02/18/2021,243.79,241.8,243.93,240.86,16.93,-0.17%
659,02/17/2021,244.2,241.32,244.31,240.94,21.67,0.21%
660,02/16/2021,243.7,245.03,246.13,242.92,26.73,-0.53%
661,02/12/2021,244.99,243.93,245.3,242.73,16.56,0.20%
662,02/11/2021,244.49,244.78,245.15,242.15,15.75,0.69%
663,02/10/2021,242.82,245.0,245.92,240.89,22.19,-0.39%
664,02/09/2021,243.77,241.87,244.76,241.38,23.56,0.54%
665,02/08/2021,242.47,243.15,243.68,240.81,22.21,0.11%
666,02/05/2021,242.2,242.23,243.28,240.42,18.05,0.08%
667,02/04/2021,242.01,242.66,243.24,240.37,25.3,-0.41%
668,02/03/2021,243.0,239.57,245.09,239.26,27.16,1.46%
669,02/02/2021,239.51,241.3,242.31,238.69,25.92,-0.06%
670,02/01/2021,239.65,235.06,242.5,232.43,33.31,3.32%
671,01/29/2021,231.96,235.99,238.02,231.35,42.5,-2.92%
672,01/28/2021,238.93,235.61,242.64,235.09,49.11,2.59%
673,01/27/2021,232.9,238.0,240.44,230.14,69.87,0.25%
674,01/26/2021,232.33,231.86,234.18,230.08,49.17,1.22%
675,01/25/2021,229.53,229.12,229.78,224.22,33.15,1.58%
676,01/22/2021,225.95,227.08,230.07,225.8,30.17,0.44%
677,01/21/2021,224.97,224.7,226.3,222.42,30.75,0.28%
678,01/20/2021,224.34,217.7,225.79,217.29,37.78,3.65%
679,01/19/2021,216.44,213.75,216.98,212.63,30.48,1.78%
680,01/15/2021,212.65,213.52,214.51,212.03,31.75,-0.17%
681,01/14/2021,213.02,215.91,217.46,212.74,29.35,-1.53%
682,01/13/2021,216.34,214.02,216.76,213.93,20.09,0.66%
683,01/12/2021,214.93,216.5,217.1,213.32,23.25,-1.18%
684,01/11/2021,217.49,218.47,218.91,216.73,23.05,-0.97%
685,01/08/2021,219.62,218.68,220.58,217.03,22.96,0.61%
686,01/07/2021,218.29,214.04,219.34,213.71,27.69,2.85%
687,01/06/2021,212.25,212.17,216.49,211.94,35.93,-2.59%
688,01/05/2021,217.9,217.26,218.52,215.7,23.82,0.10%
689,01/04/2021,217.69,222.53,223.0,214.81,37.13,-2.13%
690,12/31/2020,222.42,221.7,223.0,219.68,20.94,0.33%
691,12/30/2020,221.68,225.23,225.63,221.47,20.27,-1.10%
692,12/29/2020,224.15,226.31,227.18,223.58,17.4,-0.36%
693,12/28/2020,224.96,224.45,226.03,223.02,17.93,0.99%
695,12/23/2020,221.02,223.11,223.56,220.8,18.7,-1.30%
696,12/22/2020,223.94,222.69,225.63,221.85,22.64,0.61%
697,12/21/2020,222.59,217.55,224.0,217.28,37.18,1.83%
698,12/18/2020,218.59,218.59,219.69,216.02,63.35,-0.38%
699,12/17/2020,219.42,219.87,220.89,217.92,32.52,0.06%
700,12/16/2020,219.28,214.75,220.11,214.72,35.02,2.41%
701,12/15/2020,214.13,215.16,215.42,212.24,27.02,-0.03%
702,12/14/2020,214.2,213.1,216.21,212.88,28.8,0.44%
703,12/11/2020,213.26,210.05,213.32,209.11,30.98,1.30%
704,12/10/2020,210.52,211.77,213.08,210.36,26.47,-0.60%
705,12/09/2020,211.8,215.16,215.23,211.21,32.44,-1.95%
706,12/08/2020,216.01,213.97,216.95,212.89,23.28,0.80%
707,12/07/2020,214.29,214.37,215.54,212.99,24.62,-0.03%
708,12/04/2020,214.36,214.22,215.38,213.18,24.67,0.06%
709,12/03/2020,214.24,214.61,216.38,213.65,25.12,-0.52%
710,12/02/2020,215.37,214.88,215.47,212.8,23.72,-0.39%
711,12/01/2020,216.21,214.51,217.32,213.35,30.93,1.00%
712,11/30/2020,214.07,214.1,214.76,210.84,33.06,-0.54%
714,11/25/2020,213.87,215.11,215.29,212.46,21.01,0.00%
715,11/24/2020,213.86,209.59,214.25,208.86,33.98,1.78%
716,11/23/2020,210.11,210.95,212.29,208.16,25.68,-0.13%
717,11/20/2020,210.39,212.2,213.29,210.0,22.84,-0.96%
718,11/19/2020,212.42,211.38,213.03,209.93,24.79,0.63%
719,11/18/2020,211.08,213.65,215.17,210.93,28.37,-1.58%
720,11/17/2020,214.46,216.1,217.68,214.08,24.15,-1.28%
721,11/16/2020,217.23,214.87,217.74,214.52,24.95,0.33%
722,11/13/2020,216.51,216.36,217.42,214.16,18.63,0.50%
723,11/12/2020,215.44,217.21,219.11,214.46,21.62,-0.51%
724,11/11/2020,216.55,212.39,218.04,212.2,29.44,2.63%
725,11/10/2020,211.01,214.5,216.5,209.72,44.05,-3.38%
726,11/09/2020,218.39,224.43,228.12,217.88,44.39,-2.38%
727,11/06/2020,223.72,222.26,224.36,218.03,25.23,0.19%
728,11/05/2020,223.29,222.04,224.12,221.15,36.08,3.19%
729,11/04/2020,216.39,214.02,218.32,212.42,42.31,4.82%
730,11/03/2020,206.43,203.89,208.12,203.12,27.51,2.03%
731,11/02/2020,202.33,204.29,205.28,200.12,30.84,-0.07%
732,10/30/2020,202.47,203.5,204.29,199.62,36.98,-1.10%
733,10/29/2020,204.72,204.07,207.36,203.37,31.43,1.01%
734,10/28/2020,202.68,207.67,208.84,202.1,51.2,-4.96%
735,10/27/2020,213.25,211.59,214.67,210.33,36.7,1.51%
736,10/26/2020,210.08,213.85,216.34,208.1,37.11,-2.84%
737,10/23/2020,216.23,215.03,216.28,213.16,18.88,0.62%
738,10/22/2020,214.89,213.93,216.05,211.7,22.35,0.04%
739,10/21/2020,214.8,213.12,216.92,213.12,22.72,0.07%
740,10/20/2020,214.65,215.8,217.37,213.09,22.75,0.20%
741,10/19/2020,214.22,220.41,222.3,213.72,27.63,-2.48%
742,10/16/2020,219.66,220.15,222.29,219.32,26.06,0.00%
743,10/15/2020,219.66,217.1,220.36,216.01,22.73,-0.54%
744,10/14/2020,220.86,223.0,224.22,219.13,23.45,-0.90%
745,10/13/2020,222.86,222.72,225.21,220.43,28.95,0.66%
746,10/12/2020,221.4,218.79,223.86,216.81,40.46,2.59%
747,10/09/2020,215.81,211.23,215.86,211.23,26.46,2.48%
748,10/08/2020,210.58,210.51,211.19,208.32,19.93,0.36%
749,10/07/2020,209.83,207.06,210.11,206.72,25.68,1.90%
750,10/06/2020,205.91,208.82,210.18,204.82,28.55,-2.12%
751,10/05/2020,210.38,207.22,210.41,206.98,21.33,2.03%
752,10/02/2020,206.19,208.0,210.99,205.54,33.15,-2.95%
753,10/01/2020,212.46,213.49,213.99,211.32,27.16,1.01%
754,09/30/2020,210.33,207.73,211.98,206.54,33.83,1.48%
755,09/29/2020,207.26,209.35,210.07,206.81,24.46,-1.04%
756,09/28/2020,209.44,210.88,212.57,208.06,32.0,0.78%
757,09/25/2020,207.82,203.55,209.04,202.54,29.44,2.28%
758,09/24/2020,203.19,199.85,205.57,199.2,31.2,1.30%
759,09/23/2020,200.59,207.9,208.1,200.03,30.8,-3.29%
760,09/22/2020,207.42,205.06,208.1,202.07,33.52,2.41%
761,09/21/2020,202.54,197.19,202.71,196.38,39.84,1.07%
762,09/18/2020,200.39,202.8,203.65,196.25,55.23,-1.24%
763,09/17/2020,202.91,200.05,204.33,199.96,34.01,-1.04%
764,09/16/2020,205.05,210.62,210.65,204.64,26.37,-1.79%
765,09/15/2020,208.78,208.42,209.78,206.93,21.82,1.64%
766,09/14/2020,205.41,204.24,209.2,204.03,30.38,0.68%
767,09/11/2020,204.03,207.2,208.63,201.24,33.62,-0.65%
768,09/10/2020,205.37,213.4,214.74,204.11,35.46,-2.80%
769,09/09/2020,211.29,207.6,214.84,206.7,45.68,4.26%
770,09/08/2020,202.66,206.5,210.03,202.2,52.92,-5.41%
771,09/04/2020,214.25,215.1,218.36,205.19,59.66,-1.40%
772,09/03/2020,217.3,229.27,229.31,214.96,58.4,-6.19%
773,09/02/2020,231.65,227.97,232.86,227.35,34.08,1.93%
774,09/01/2020,227.27,225.51,227.45,224.43,25.79,0.77%
775,08/31/2020,225.53,227.0,228.7,224.31,28.77,-1.48%
776,08/28/2020,228.91,228.18,230.64,226.58,26.29,1.03%
777,08/27/2020,226.58,222.89,231.15,219.4,57.6,2.46%
778,08/26/2020,221.15,217.88,222.09,217.36,39.6,2.16%
779,08/25/2020,216.47,213.1,216.61,213.1,23.04,1.30%
780,08/24/2020,213.69,214.79,215.52,212.43,25.46,0.31%
781,08/21/2020,213.02,213.86,216.25,212.85,36.25,-0.73%
782,08/20/2020,214.58,209.54,215.0,208.91,26.98,2.33%
783,08/19/2020,209.7,211.49,212.1,209.25,27.63,-0.85%
784,08/18/2020,211.49,210.53,212.36,209.21,21.34,0.58%
785,08/17/2020,210.28,209.6,211.19,208.91,20.18,0.66%
786,08/14/2020,208.9,208.76,209.59,207.51,17.96,0.10%
787,08/13/2020,208.7,209.44,211.35,208.15,22.59,-0.23%
788,08/12/2020,209.19,205.29,210.28,204.75,28.04,2.86%
789,08/11/2020,203.38,207.15,207.65,203.14,36.45,-2.34%
790,08/10/2020,208.25,211.67,211.88,206.35,36.72,-1.99%
791,08/07/2020,212.48,214.85,215.7,210.93,27.82,-1.79%
792,08/06/2020,216.35,212.34,216.37,211.55,32.66,1.60%
793,08/05/2020,212.94,214.9,215.0,211.57,28.86,-0.16%
794,08/04/2020,213.29,214.17,214.77,210.31,49.28,-1.50%
795,08/03/2020,216.54,211.52,217.64,210.44,78.98,5.62%
796,07/31/2020,205.01,204.4,205.1,199.01,51.25,0.54%
797,07/30/2020,203.9,201.0,204.46,199.57,25.08,-0.08%
798,07/29/2020,204.06,202.5,204.65,202.01,19.63,1.01%
799,07/28/2020,202.02,203.61,204.7,201.74,23.25,-0.90%
800,07/27/2020,203.85,201.47,203.97,200.86,30.16,1.27%
801,07/24/2020,201.3,200.42,202.86,197.51,39.83,-0.61%
802,07/23/2020,202.54,207.19,210.92,202.15,67.46,-4.35%
803,07/22/2020,211.75,209.2,212.3,208.39,49.61,1.44%
804,07/21/2020,208.75,213.66,213.94,208.03,38.11,-1.35%
805,07/20/2020,211.6,205.0,212.3,203.01,36.88,4.30%
806,07/17/2020,202.88,204.47,205.04,201.39,31.64,-0.51%
807,07/16/2020,203.92,205.4,205.7,202.31,29.94,-1.98%
808,07/15/2020,208.04,209.56,211.33,205.03,32.18,-0.15%
809,07/14/2020,208.35,206.13,208.85,202.03,37.59,0.62%
810,07/13/2020,207.07,214.48,215.8,206.5,38.14,-3.09%
811,07/10/2020,213.67,213.62,214.08,211.08,26.18,-0.30%
812,07/09/2020,214.32,216.33,216.38,211.47,33.12,0.70%
813,07/08/2020,212.83,210.07,213.26,208.69,33.6,2.20%
814,07/07/2020,208.25,210.45,214.67,207.99,33.6,-1.16%
815,07/06/2020,210.7,208.83,211.13,208.09,31.9,2.15%
816,07/02/2020,206.26,205.68,208.02,205.0,29.32,0.76%
817,07/01/2020,204.7,203.14,206.35,201.77,32.06,0.58%
818,06/30/2020,203.51,197.88,204.4,197.74,34.31,2.55%
819,06/29/2020,198.44,195.78,198.53,193.55,26.7,1.07%
820,06/26/2020,196.33,199.73,199.89,194.88,54.68,-2.00%
821,06/25/2020,200.34,197.8,200.61,195.47,27.8,1.26%
822,06/24/2020,197.84,201.6,203.25,196.56,36.74,-2.02%
823,06/23/2020,201.91,202.09,203.95,201.43,30.92,0.67%
824,06/22/2020,200.57,195.79,200.76,195.23,32.82,2.78%
825,06/19/2020,195.15,198.59,199.29,194.37,44.44,-0.60%
826,06/18/2020,196.32,194.0,196.49,194.0,23.06,1.07%
827,06/17/2020,194.24,195.03,196.32,193.69,25.69,0.35%
828,06/16/2020,193.57,192.89,195.58,191.46,42.56,2.45%
829,06/15/2020,188.94,184.58,190.82,184.01,32.77,0.64%
830,06/12/2020,187.74,190.54,191.72,185.18,43.37,0.79%
831,06/11/2020,186.27,193.13,195.76,186.07,52.85,-5.37%
832,06/10/2020,196.84,191.13,198.52,191.01,43.87,3.71%
833,06/09/2020,189.8,188.0,190.7,187.26,29.78,0.76%
834,06/08/2020,188.36,185.94,188.55,184.44,33.21,0.62%
835,06/05/2020,187.2,182.62,187.73,182.01,39.89,2.34%
836,06/04/2020,182.92,184.3,185.84,182.3,28.76,-1.32%
837,06/03/2020,185.36,184.82,185.94,183.58,27.31,0.24%
838,06/02/2020,184.91,184.25,185.0,181.35,30.79,1.14%
839,06/01/2020,182.83,182.54,183.0,181.46,22.67,-0.23%
840,05/29/2020,183.25,182.73,184.27,180.41,42.15,1.02%
841,05/28/2020,181.4,180.83,184.14,180.42,33.83,-0.23%
842,05/27/2020,181.81,180.06,181.96,176.61,39.52,0.13%
843,05/26/2020,181.57,186.46,186.46,181.14,36.07,-1.06%
844,05/22/2020,183.51,183.19,184.46,182.54,20.83,0.04%
845,05/21/2020,183.43,185.6,186.66,183.31,29.12,-1.20%
846,05/20/2020,185.66,184.64,185.8,183.96,31.26,1.11%
847,05/19/2020,183.63,184.97,186.57,183.57,26.8,-0.69%
848,05/18/2020,184.91,185.32,186.2,184.06,35.31,0.96%
849,05/15/2020,183.16,179.15,183.46,177.02,46.61,1.46%
850,05/14/2020,180.53,177.6,180.65,175.7,41.87,0.43%
851,05/13/2020,179.75,182.55,184.03,176.61,44.71,-1.51%
852,05/12/2020,182.51,186.8,187.04,182.3,32.04,-2.27%
853,05/11/2020,186.74,183.15,187.51,182.85,30.89,1.12%
854,05/08/2020,184.68,184.98,185.0,183.36,30.91,0.59%
855,05/07/2020,183.6,184.17,184.55,182.58,28.32,0.58%
856,05/06/2020,182.54,182.08,184.2,181.63,32.14,0.98%
857,05/05/2020,180.76,180.62,183.65,179.9,36.84,1.07%
858,05/04/2020,178.84,174.49,179.0,173.8,30.37,2.45%
859,05/01/2020,174.57,175.8,178.64,174.01,39.37,-2.59%
860,04/30/2020,179.21,180.0,180.4,176.23,53.88,1.00%
861,04/29/2020,177.43,173.22,177.68,171.88,51.29,4.49%
862,04/28/2020,169.81,175.59,175.67,169.39,34.39,-2.44%
863,04/27/2020,174.05,176.59,176.9,173.3,33.19,-0.29%
864,04/24/2020,174.55,172.06,174.56,170.71,34.31,1.83%
865,04/23/2020,171.42,174.11,175.06,170.91,32.79,-1.21%
866,04/22/2020,173.52,171.39,174.0,170.82,34.65,3.40%
867,04/21/2020,167.82,173.5,173.67,166.11,56.2,-4.14%
868,04/20/2020,175.06,176.63,178.75,174.99,36.67,-1.98%
869,04/17/2020,178.6,179.5,180.0,175.87,52.77,0.88%
870,04/16/2020,177.04,174.3,177.28,172.9,50.48,3.00%
871,04/15/2020,171.88,171.2,173.57,169.24,40.94,-1.05%
872,04/14/2020,173.7,169.0,173.75,168.0,52.87,4.95%
873,04/13/2020,165.51,164.35,165.57,162.3,41.91,0.22%
874,04/09/2020,165.14,166.36,167.37,163.33,51.43,0.01%
875,04/08/2020,165.13,165.67,166.67,163.5,48.32,1.00%
876,04/07/2020,163.49,169.59,170.0,163.26,62.77,-1.08%
877,04/06/2020,165.27,160.32,166.5,157.58,67.11,7.44%
878,04/03/2020,153.83,155.1,157.38,152.19,41.24,-0.92%
879,04/02/2020,155.26,151.86,155.48,150.36,49.63,2.07%
880,04/01/2020,152.11,153.0,157.75,150.82,57.97,-3.55%
881,03/31/2020,157.71,159.4,164.78,156.56,77.93,-1.57%
882,03/30/2020,160.23,152.44,160.6,150.01,63.42,7.03%
883,03/27/2020,149.7,151.75,154.88,149.24,57.04,-4.11%
884,03/26/2020,156.11,149.0,156.6,149.0,64.69,6.26%
885,03/25/2020,146.92,149.0,154.3,144.59,75.64,-0.96%
886,03/24/2020,148.34,143.99,149.56,141.29,82.52,9.09%
887,03/23/2020,135.98,137.01,140.57,132.52,78.98,-1.00%
888,03/20/2020,137.35,146.0,147.1,135.86,84.87,-3.76%
889,03/19/2020,142.71,142.39,150.07,139.1,85.92,1.65%
890,03/18/2020,140.4,137.0,145.9,135.07,81.59,-4.21%
891,03/17/2020,146.57,140.0,147.5,135.0,81.06,8.23%
892,03/16/2020,135.42,140.0,149.35,135.0,87.91,-14.74%
893,03/13/2020,158.83,147.5,161.91,140.73,92.73,14.22%
894,03/12/2020,139.06,145.3,153.47,138.58,93.23,-9.48%
895,03/11/2020,153.63,157.13,157.7,151.15,56.5,-4.53%
896,03/10/2020,160.92,158.16,161.03,152.58,65.35,6.84%
897,03/09/2020,150.62,151.0,157.75,150.0,70.42,-6.78%
898,03/06/2020,161.57,162.61,163.11,156.0,72.82,-2.83%
899,03/05/2020,166.27,166.04,170.87,165.69,47.82,-2.51%
900,03/04/2020,170.55,168.49,170.7,165.62,49.81,3.67%
901,03/03/2020,164.51,173.8,175.0,162.26,71.68,-4.79%
902,03/02/2020,172.79,165.31,172.92,162.31,71.03,6.65%
903,02/28/2020,162.01,152.41,163.71,152.0,97.07,2.42%
904,02/27/2020,158.18,163.32,167.03,157.98,93.17,-7.05%
905,02/26/2020,170.17,169.71,173.26,168.21,56.39,1.25%
906,02/25/2020,168.07,174.2,174.84,167.65,68.07,-1.65%
907,02/24/2020,170.89,167.77,174.55,163.23,68.31,-4.31%
908,02/21/2020,178.59,183.17,183.5,177.25,48.6,-3.16%
909,02/20/2020,184.42,186.95,187.25,181.1,36.86,-1.53%
910,02/19/2020,187.28,188.06,188.18,186.47,30.0,0.03%
911,02/18/2020,187.23,185.6,187.7,185.5,27.85,1.01%
912,02/14/2020,185.35,183.25,185.41,182.65,23.15,0.89%
913,02/13/2020,183.71,183.08,186.23,182.87,35.3,-0.54%
914,02/12/2020,184.71,185.58,185.85,181.85,47.06,0.15%
915,02/11/2020,184.44,190.65,190.7,183.5,53.16,-2.26%
916,02/10/2020,188.7,183.58,188.84,183.25,35.84,2.62%
917,02/07/2020,183.89,182.84,185.63,182.48,33.53,0.14%
918,02/06/2020,183.63,180.97,183.82,180.06,27.75,2.07%
919,02/05/2020,179.9,184.03,184.2,178.41,39.19,-0.12%
920,02/04/2020,180.12,177.14,180.64,176.31,36.43,3.29%
921,02/03/2020,174.38,170.43,174.5,170.4,30.15,2.44%
922,01/31/2020,170.23,172.21,172.4,169.58,36.14,-1.48%
923,01/30/2020,172.78,174.05,174.05,170.79,51.6,2.82%
924,01/29/2020,168.04,167.84,168.75,165.69,35.13,1.56%
925,01/28/2020,165.46,163.78,165.75,163.07,24.9,1.96%
926,01/27/2020,162.28,161.15,163.38,160.2,32.08,-1.67%
927,01/24/2020,165.04,167.51,167.53,164.45,24.92,-1.01%
928,01/23/2020,166.72,166.19,166.8,165.27,19.68,0.62%
929,01/22/2020,165.7,167.4,167.49,165.68,24.14,-0.48%
930,01/21/2020,166.5,166.68,168.19,166.43,29.52,-0.36%
931,01/17/2020,167.1,167.42,167.47,165.43,34.37,0.56%
932,01/16/2020,166.17,164.35,166.24,164.03,23.87,1.83%
933,01/15/2020,163.18,162.62,163.94,162.57,21.42,0.65%
934,01/14/2020,162.13,163.39,163.6,161.72,23.5,-0.70%
935,01/13/2020,163.28,161.76,163.31,161.26,21.64,1.20%
936,01/10/2020,161.34,162.82,163.22,161.18,20.73,-0.46%
937,01/09/2020,162.09,161.84,162.22,161.03,21.4,1.25%
938,01/08/2020,160.09,158.93,160.8,157.95,27.76,1.59%
939,01/07/2020,157.58,159.32,159.67,157.32,21.88,-0.91%
940,01/06/2020,159.03,157.08,159.1,156.51,20.83,0.26%
941,01/03/2020,158.62,158.32,159.94,158.06,21.12,-1.25%
942,01/02/2020,160.62,158.78,160.73,158.33,22.63,1.85%
943,12/31/2019,157.7,156.77,157.77,156.45,18.39,0.07%
944,12/30/2019,157.59,158.99,159.02,156.73,16.36,-0.86%
945,12/27/2019,158.96,159.45,159.55,158.22,18.41,0.18%
948,12/23/2019,157.41,158.12,158.12,157.27,17.73,0.00%
949,12/20/2019,157.41,157.35,158.49,156.29,53.6,1.09%
950,12/19/2019,155.71,154.0,155.77,153.75,25.81,0.87%
951,12/18/2019,154.37,154.3,155.48,154.18,24.13,-0.21%
952,12/17/2019,154.69,155.45,155.71,154.45,25.44,-0.54%
953,12/16/2019,155.53,155.11,155.9,154.82,24.15,0.65%
954,12/13/2019,154.53,153.0,154.89,152.83,23.85,0.84%
955,12/12/2019,153.24,151.65,153.44,151.02,24.65,1.02%
956,12/11/2019,151.7,151.54,151.87,150.33,18.86,0.38%
957,12/10/2019,151.13,151.29,151.89,150.76,16.48,-0.15%
958,12/09/2019,151.36,151.07,152.21,150.91,16.74,-0.26%
959,12/06/2019,151.75,150.99,151.87,150.27,16.41,1.21%
960,12/05/2019,149.93,150.05,150.32,149.48,17.88,0.05%
961,12/04/2019,149.85,150.14,150.18,149.2,17.58,0.36%
962,12/03/2019,149.31,147.49,149.43,146.65,25.19,-0.16%
963,12/02/2019,149.55,151.81,151.83,148.32,27.47,-1.21%
965,11/27/2019,152.32,152.33,152.5,151.52,15.2,0.19%
966,11/26/2019,152.03,151.36,152.42,151.32,24.64,0.53%
967,11/25/2019,151.23,150.0,151.35,149.92,22.43,1.10%
968,11/22/2019,149.59,150.07,150.3,148.82,15.84,0.07%
969,11/21/2019,149.48,149.4,149.8,148.5,18.58,-0.09%
970,11/20/2019,149.62,150.31,150.84,148.46,25.72,-0.51%
971,11/19/2019,150.39,150.88,151.33,150.19,23.96,0.03%
972,11/18/2019,150.34,150.07,150.55,148.98,21.55,0.25%
973,11/15/2019,149.97,148.93,149.99,148.27,23.51,1.29%
974,11/14/2019,148.06,147.02,148.41,147.0,19.76,0.51%
975,11/13/2019,147.31,146.74,147.46,146.28,17.44,0.16%
976,11/12/2019,147.07,146.28,147.57,146.06,18.65,0.66%
978,11/08/2019,145.96,143.98,145.99,143.76,16.75,1.18%
979,11/07/2019,144.26,143.84,144.88,143.77,17.79,0.14%
980,11/06/2019,144.06,144.37,144.52,143.2,16.58,-0.28%
981,11/05/2019,144.46,144.97,145.02,143.91,18.25,-0.06%
982,11/04/2019,144.55,144.83,145.0,144.16,16.91,0.58%
983,11/01/2019,143.72,144.26,144.42,142.97,33.13,0.24%
984,10/31/2019,143.37,144.9,144.93,142.99,24.61,-0.86%
985,10/30/2019,144.61,143.52,145.0,142.79,18.5,1.25%
986,10/29/2019,142.83,144.08,144.5,142.65,20.59,-0.94%
987,10/28/2019,144.19,144.4,145.67,143.51,35.28,2.46%
988,10/25/2019,140.73,139.34,141.14,139.2,25.96,0.56%
989,10/24/2019,139.94,139.39,140.42,138.67,37.28,1.97%
990,10/23/2019,137.24,136.88,137.45,135.61,31.38,0.64%
991,10/22/2019,136.37,138.97,140.01,136.26,27.94,-1.49%
992,10/21/2019,138.43,138.45,138.5,137.01,20.72,0.74%
993,10/18/2019,137.41,139.76,140.0,136.56,32.28,-1.63%
994,10/17/2019,139.69,140.95,141.42,139.02,22.1,-0.51%
995,10/16/2019,140.41,140.79,140.99,139.53,20.84,-0.82%
996,10/15/2019,141.57,140.06,141.79,139.81,19.92,1.45%
998,10/11/2019,139.68,140.12,141.03,139.5,25.55,0.42%
999,10/10/2019,139.1,138.49,139.67,138.25,18.4,0.62%
1000,10/09/2019,138.24,137.46,138.7,136.97,20.18,1.89%
1001,10/08/2019,135.67,137.08,137.76,135.62,26.78,-1.06%
1002,10/07/2019,137.12,137.14,138.18,137.02,16.6,-0.72%
1003,10/04/2019,138.12,136.75,138.25,136.42,23.84,1.35%
1004,10/03/2019,136.28,134.95,136.75,133.22,26.38,1.21%
1005,10/02/2019,134.65,136.25,136.37,133.58,32.0,-1.77%
1006,10/01/2019,137.07,139.66,140.25,137.0,22.58,-1.41%
1007,09/30/2019,139.03,138.05,139.22,137.78,18.43,0.94%
1008,09/27/2019,137.73,140.15,140.36,136.65,22.5,-1.30%
1009,09/26/2019,139.54,139.44,140.18,138.44,17.81,0.13%
1010,09/25/2019,139.36,137.5,139.96,136.03,22.54,1.44%
1011,09/24/2019,137.38,140.36,140.69,136.88,30.02,-1.26%
1012,09/23/2019,139.14,139.23,139.63,138.44,17.41,-0.22%
1013,09/20/2019,139.44,141.01,141.65,138.25,40.04,-1.16%
1014,09/19/2019,141.07,140.3,142.37,140.07,36.1,1.84%
1015,09/18/2019,138.52,137.36,138.67,136.53,24.47,0.82%
1016,09/17/2019,137.39,136.96,137.52,136.43,17.98,0.78%
1017,09/16/2019,136.33,135.83,136.7,135.66,16.73,-0.72%
1018,09/13/2019,137.32,137.78,138.06,136.57,23.36,-0.15%
1019,09/12/2019,137.52,137.85,138.42,136.87,27.01,1.03%
1020,09/11/2019,136.12,135.91,136.27,135.09,24.73,0.03%
1021,09/10/2019,136.08,136.8,136.89,134.51,28.9,-1.05%
1022,09/09/2019,137.52,139.59,139.75,136.46,25.77,-1.14%
1023,09/06/2019,139.1,140.03,140.18,138.2,20.82,-0.68%
1024,09/05/2019,140.05,139.11,140.38,138.76,26.12,1.76%
1025,09/04/2019,137.63,137.3,137.69,136.48,18.02,1.17%
1026,09/03/2019,136.04,136.61,137.2,135.7,18.88,-1.32%
1027,08/30/2019,137.86,139.15,139.18,136.27,23.95,-0.19%
1028,08/29/2019,138.12,137.25,138.44,136.91,20.18,1.89%
1029,08/28/2019,135.56,134.88,135.76,133.55,17.41,-0.13%
1030,08/27/2019,135.74,136.39,136.72,134.66,23.12,0.21%
1031,08/26/2019,135.45,134.99,135.56,133.9,20.33,1.54%
1032,08/23/2019,133.39,137.19,138.35,132.8,38.52,-3.19%
1033,08/22/2019,137.78,138.66,139.2,136.29,18.71,-0.73%
1034,08/21/2019,138.79,138.55,139.49,138.0,14.98,1.11%
1035,08/20/2019,137.26,138.21,138.71,137.24,21.19,-0.83%
1036,08/19/2019,138.41,137.85,138.55,136.88,24.37,1.67%
1037,08/16/2019,136.13,134.88,136.46,134.72,25.03,1.83%
1038,08/15/2019,133.68,134.39,134.58,132.25,28.13,-0.22%
1039,08/14/2019,133.98,136.36,136.92,133.67,32.53,-3.33%
1040,08/13/2019,138.6,136.05,138.8,135.0,25.5,2.07%
1041,08/12/2019,135.79,137.07,137.86,135.24,20.48,-1.39%
1042,08/09/2019,137.71,138.61,139.38,136.46,23.47,-0.85%
1043,08/08/2019,138.89,136.6,138.99,135.93,27.5,2.67%
1044,08/07/2019,135.28,133.79,135.65,131.83,33.41,0.44%
1045,08/06/2019,134.69,133.8,135.68,133.21,32.7,1.88%
1046,08/05/2019,132.21,133.3,133.93,130.78,42.75,-3.43%
1047,08/02/2019,136.9,138.09,138.32,135.26,30.79,-0.84%
1048,08/01/2019,138.06,137.0,140.94,136.93,40.56,1.31%
1049,07/31/2019,136.27,140.33,140.49,135.08,38.6,-2.91%
1050,07/30/2019,140.35,140.14,141.22,139.8,16.85,-0.48%
1051,07/29/2019,141.03,141.5,141.51,139.37,16.61,-0.22%
1052,07/26/2019,141.34,140.37,141.68,140.3,19.04,0.82%
1053,07/25/2019,140.19,140.43,140.61,139.32,18.36,-0.38%
1054,07/24/2019,140.72,138.9,140.74,138.85,20.74,1.03%
1055,07/23/2019,139.29,139.76,139.99,138.03,18.03,0.62%
1056,07/22/2019,138.43,137.41,139.19,137.33,25.08,1.32%
1057,07/19/2019,136.62,140.22,140.67,136.45,48.99,0.15%
1058,07/18/2019,136.42,135.55,136.62,134.67,30.81,0.11%
1059,07/17/2019,136.27,137.7,137.93,136.22,20.21,-0.59%
1060,07/16/2019,137.08,138.96,139.05,136.52,22.73,-1.31%
1061,07/15/2019,138.9,139.44,139.54,138.46,16.65,0.00%
1062,07/12/2019,138.9,138.85,139.13,138.01,18.94,0.36%
1063,07/11/2019,138.4,138.2,139.22,137.87,22.33,0.40%
1064,07/10/2019,137.85,137.13,138.58,137.02,24.2,1.02%
1065,07/09/2019,136.46,136.0,136.97,135.8,19.95,-0.37%
1066,07/08/2019,136.96,136.4,137.1,135.37,16.78,-0.07%
1067,07/05/2019,137.06,135.94,137.33,135.72,18.14,-0.29%
1069,07/02/2019,136.58,136.12,136.59,135.34,15.24,0.66%
1070,07/01/2019,135.68,136.63,136.7,134.97,22.65,1.28%
1071,06/28/2019,133.96,134.57,134.6,133.16,30.04,-0.14%
1072,06/27/2019,134.15,134.14,134.71,133.51,16.56,0.16%
1073,06/26/2019,133.93,134.35,135.74,133.6,23.66,0.37%
1074,06/25/2019,133.43,137.25,137.59,132.73,33.33,-3.16%
1075,06/24/2019,137.78,137.0,138.4,137.0,20.63,0.59%
1076,06/21/2019,136.97,136.58,137.73,136.46,36.73,0.01%
1077,06/20/2019,136.95,137.45,137.66,135.72,33.04,0.93%
1078,06/19/2019,135.69,135.0,135.93,133.81,23.74,0.39%
1079,06/18/2019,135.16,134.19,135.24,133.57,25.93,1.74%
1081,06/14/2019,132.45,132.26,133.79,131.64,17.82,0.10%
1082,06/13/2019,132.32,131.98,132.67,131.56,17.2,0.63%
1083,06/12/2019,131.49,131.4,131.97,130.71,17.09,-0.46%
1084,06/11/2019,132.1,133.88,134.24,131.28,23.91,-0.38%
1085,06/10/2019,132.6,132.4,134.08,132.0,26.48,0.91%
1086,06/07/2019,131.4,129.19,132.25,128.26,33.89,2.80%
1087,06/06/2019,127.82,126.44,127.97,125.6,21.46,1.58%
1088,06/05/2019,125.83,124.95,125.87,124.21,24.93,2.17%
1089,06/04/2019,123.16,121.28,123.28,120.65,29.38,2.77%
1090,06/03/2019,119.84,123.85,124.37,119.01,37.98,-3.10%
1091,05/31/2019,123.68,124.23,124.61,123.32,26.65,-1.63%
1092,05/30/2019,125.73,125.26,125.76,124.78,16.83,0.63%
1093,05/29/2019,124.94,125.38,125.39,124.04,22.76,-0.97%
1094,05/28/2019,126.16,126.98,128.0,126.05,23.13,-0.06%
1096,05/23/2019,126.18,126.2,126.29,124.74,23.6,-1.17%
1097,05/22/2019,127.67,126.62,128.24,126.52,15.4,0.61%
1098,05/21/2019,126.9,127.43,127.53,126.58,15.29,0.54%
1099,05/20/2019,126.22,126.52,127.59,125.76,23.71,-1.44%
1100,05/17/2019,128.07,128.31,130.46,127.92,25.77,-0.67%
1101,05/16/2019,128.93,126.75,129.38,126.46,30.11,2.31%
1102,05/15/2019,126.02,124.26,126.71,123.7,24.72,1.03%
1103,05/14/2019,124.73,123.87,125.88,123.7,25.27,1.12%
1104,05/13/2019,123.35,124.11,125.55,123.04,33.94,-2.97%
1105,05/10/2019,127.13,124.91,127.93,123.82,30.92,1.30%
1106,05/09/2019,125.5,124.29,125.79,123.57,27.24,-0.01%
1107,05/08/2019,125.51,125.44,126.37,124.75,28.42,-0.01%
1108,05/07/2019,125.52,126.46,127.18,124.22,36.02,-2.05%
1109,05/06/2019,128.15,126.39,128.56,126.11,24.24,-0.58%
1110,05/03/2019,128.9,127.36,129.43,127.25,24.91,2.13%
1111,05/02/2019,126.21,127.98,128.0,125.52,27.35,-1.31%
1112,05/01/2019,127.88,130.53,130.65,127.7,26.82,-2.08%
1113,04/30/2019,130.6,129.81,130.7,129.39,24.17,0.64%
1114,04/29/2019,129.77,129.9,130.18,129.35,16.32,-0.09%
1115,04/26/2019,129.89,129.7,130.52,129.02,23.65,0.57%
1116,04/25/2019,129.15,130.06,131.37,128.83,38.03,3.31%
1117,04/24/2019,125.01,125.79,125.85,124.52,31.26,-0.34%
1118,04/23/2019,125.44,124.1,125.58,123.83,24.03,1.36%
1119,04/22/2019,123.76,122.62,124.0,122.57,15.65,0.32%
1120,04/18/2019,123.37,122.19,123.52,121.3,27.99,1.31%
1121,04/17/2019,121.77,121.24,121.85,120.54,19.3,0.83%
1123,04/15/2019,121.05,120.94,121.58,120.57,15.79,0.08%
1124,04/12/2019,120.95,120.64,120.98,120.37,19.75,0.52%
1126,04/10/2019,120.19,119.76,120.35,119.54,16.48,0.76%
1127,04/09/2019,119.28,118.63,119.54,118.58,17.61,-0.54%
1128,04/08/2019,119.93,119.81,120.02,118.64,15.12,0.03%
1129,04/05/2019,119.89,119.39,120.23,119.37,15.83,0.44%
1130,04/04/2019,119.36,120.1,120.23,118.38,20.11,-0.51%
1131,04/03/2019,119.97,119.86,120.43,119.15,22.86,0.65%
1132,04/02/2019,119.19,119.06,119.48,118.52,18.14,0.14%
1133,04/01/2019,119.02,118.95,119.11,118.1,22.79,0.92%
1134,03/29/2019,117.94,118.07,118.32,116.96,25.4,0.86%
1135,03/28/2019,116.93,117.44,117.58,116.13,18.33,0.14%
1136,03/27/2019,116.77,117.88,118.21,115.52,22.73,-0.97%
1137,03/26/2019,117.91,118.62,118.7,116.85,26.1,0.21%
1138,03/25/2019,117.66,116.56,118.01,116.32,27.07,0.52%
1139,03/22/2019,117.05,119.5,119.59,117.04,33.62,-2.64%
1140,03/21/2019,120.22,117.14,120.82,117.09,29.85,2.30%
1141,03/20/2019,117.52,117.39,118.75,116.71,28.11,-0.11%
1142,03/19/2019,117.65,118.09,118.44,116.99,37.59,0.07%
1143,03/18/2019,117.57,116.17,117.61,116.05,31.21,1.43%
1144,03/15/2019,115.91,115.34,117.25,114.59,54.63,1.15%
1145,03/14/2019,114.59,114.54,115.2,114.33,30.76,0.08%
1146,03/13/2019,114.5,114.13,115.0,113.78,35.51,0.77%
1147,03/12/2019,113.62,112.82,113.99,112.65,26.13,0.70%
1148,03/11/2019,112.83,110.99,112.95,110.98,26.49,2.10%
1149,03/08/2019,110.51,109.16,110.71,108.8,22.82,0.11%
1150,03/07/2019,110.39,111.4,111.55,109.86,25.34,-1.22%
1151,03/06/2019,111.75,111.87,112.66,111.43,17.69,0.04%
1152,03/05/2019,111.7,112.25,112.39,111.23,19.54,-0.50%
1153,03/04/2019,112.26,113.02,113.25,110.8,26.61,-0.24%
1154,03/01/2019,112.53,112.89,113.02,111.67,23.5,0.45%
1155,02/28/2019,112.03,112.04,112.88,111.73,29.08,-0.12%
1156,02/27/2019,112.17,111.69,112.36,110.88,21.49,-0.17%
1157,02/26/2019,112.36,111.26,113.24,111.17,21.54,0.69%
1158,02/25/2019,111.59,111.76,112.18,111.26,23.75,0.56%
1159,02/22/2019,110.97,110.05,111.2,109.82,27.76,1.43%
1160,02/21/2019,109.41,106.9,109.48,106.87,29.06,2.11%
1161,02/20/2019,107.15,107.86,107.94,106.29,21.61,-0.94%
1162,02/19/2019,108.17,107.79,108.66,107.78,18.04,-0.05%
1163,02/15/2019,108.22,107.91,108.3,107.36,26.61,1.23%
1164,02/14/2019,106.9,106.31,107.29,105.66,21.78,0.08%
1165,02/13/2019,106.81,107.5,107.78,106.71,18.39,-0.07%
1166,02/12/2019,106.89,106.14,107.14,105.48,25.06,1.56%
1167,02/11/2019,105.25,106.2,106.58,104.97,18.91,-0.40%
1168,02/08/2019,105.67,104.39,105.78,104.26,21.46,0.38%
1169,02/07/2019,105.27,105.19,105.59,104.29,29.76,-0.72%
1170,02/06/2019,106.03,107.0,107.0,105.53,20.61,-1.11%
1171,02/05/2019,107.22,106.06,107.27,105.96,27.33,1.40%
1172,02/04/2019,105.74,102.87,105.8,102.77,31.32,2.88%
1173,02/01/2019,102.78,103.78,104.1,102.35,35.54,-1.58%
1174,01/31/2019,104.43,103.8,105.22,103.18,55.64,-1.83%
1175,01/30/2019,106.38,104.62,106.38,104.33,49.47,3.34%
1176,01/29/2019,102.94,104.88,104.97,102.17,31.49,-2.04%
1177,01/28/2019,105.08,106.26,106.48,104.66,29.48,-1.95%
1178,01/25/2019,107.17,107.24,107.88,106.59,31.22,0.91%
1179,01/24/2019,106.2,106.86,107.0,105.34,23.16,-0.48%
1180,01/23/2019,106.71,106.12,107.04,105.34,25.87,0.97%
1181,01/22/2019,105.68,106.75,107.1,104.86,32.37,-1.88%
1182,01/18/2019,107.71,107.46,107.9,105.91,37.43,1.50%
1183,01/17/2019,106.12,105.0,106.62,104.76,28.39,0.70%
1184,01/16/2019,105.38,105.26,106.25,104.96,29.85,0.35%
1185,01/15/2019,105.01,102.51,105.05,101.88,31.59,2.90%
1186,01/14/2019,102.05,101.9,102.87,101.26,28.44,-0.73%
1187,01/11/2019,102.8,103.19,103.44,101.64,28.31,-0.77%
1188,01/10/2019,103.6,103.22,103.75,102.38,30.07,-0.64%
1189,01/09/2019,104.27,103.86,104.88,103.24,32.28,1.43%
1190,01/08/2019,102.8,103.04,103.97,101.71,31.51,0.73%
1191,01/07/2019,102.06,101.64,103.27,100.98,35.66,0.13%
1192,01/04/2019,101.93,99.72,102.51,98.93,44.06,4.65%
1193,01/03/2019,97.4,100.1,100.19,97.2,42.58,-3.68%
1194,01/02/2019,101.12,99.55,101.75,98.94,35.33,-0.44%
